Model,Epoch,Training Time,Inference Time,Train Loss,Validation Loss,Train Accuracy,Validation Accuracy
exp,0,8.945677280426025,1.0438334941864014,1.7938969134013536,1.2533649635163082,0.33698694029850745,0.5658837579617835
exp,1,8.468477487564087,1.105210304260254,1.2866262292175659,1.060031200670133,0.5524220415778252,0.6451035031847133
exp,2,8.244777917861938,1.0037002563476562,1.1970502474923124,1.0049594097836003,0.5940331823027718,0.67078025477707
